kmh,kml
8.0467,6.589732000000001
16.0934,7.227448000000001
24.1401,13.1369496
32.1868,13.5195792
40.2335,16.410558400000003
48.2802,16.2830152
56.3269,16.1129576
64.3736,18.5362784
72.4203,17.5584472
80.467,16.9632456
88.5137,16.1129576
96.5604,15.390212800000002
104.6071,14.709982400000001
112.6538,13.1369496
120.7005,11.904032
128.7472,10.416028
136.7939,10.118427200000001
